size,totalTime,partitionTime,distributionTime,stepTime,collectingRemoteTime,detectionTime,exchangingCommunitiesTime,collectingMissingTime,coarsenTime,foundCommunities,fileName,totalNodes,totalEdges
1,0.0895402,0.00973773,0.000514507,0.0503609,0.0378814,0.00951505,0.000216961,0.000533581,0.00126386,42,email-Eu-core.txt,1005,25571
1,0.0640695,0.0105786,0.000450373,0.0517635,0.0385258,0.00989103,0.000209808,0.000601053,0.00148892,48,email-Eu-core.txt,1005,25571
1,0.0628593,0.0097506,0.000505924,0.0502579,0.0378981,0.00947762,0.000177145,0.000495911,0.00128746,45,email-Eu-core.txt,1005,25571
2,0.0480597,0.00957489,0.0013454,0.0352855,0.0259569,0.0029366,0.00214815,0.002635,0.00079298,45,email-Eu-core.txt,1005,25571
2,0.0497072,0.0103459,0.00134444,0.0371814,0.0271075,0.00301838,0.00241685,0.0030055,0.000749826,48,email-Eu-core.txt,1005,25571
2,0.0458183,0.0092752,0.00119519,0.0344946,0.0255678,0.00286341,0.0020144,0.00250578,0.0007658,45,email-Eu-core.txt,1005,25571
2,0.0479088,0.00931764,0.00141811,0.03634,0.0269406,0.00290847,0.00219345,0.00270224,0.000767946,46,email-Eu-core.txt,1005,25571
2,0.0470393,0.00938869,0.00125742,0.0354154,0.0259748,0.00284171,0.00229168,0.00285482,0.000633478,42,email-Eu-core.txt,1005,25571
4,0.0382338,0.0103838,0.00147605,0.0254807,0.0176458,0.00111818,0.00262499,0.00281715,0.00057435,52,email-Eu-core.txt,1005,25571
4,0.034987,0.00986147,0.00152659,0.0229719,0.0164497,0.000994205,0.00217009,0.00239277,0.000343561,42,email-Eu-core.txt,1005,25571
4,0.0379725,0.00973272,0.00147462,0.0258982,0.0177376,0.0010922,0.00290966,0.00304556,0.000412941,46,email-Eu-core.txt,1005,25571
4,0.0397549,0.0120416,0.00148129,0.0246727,0.0173113,0.0010879,0.00249386,0.00257301,0.00052309,52,email-Eu-core.txt,1005,25571
4,0.0375745,0.00963449,0.00141931,0.0250807,0.0175498,0.00108242,0.00253963,0.00281906,0.000424385,50,email-Eu-core.txt,1005,25571
8,0.0315201,0.00922728,0.00184655,0.0195024,0.0129626,0.000457048,0.00284028,0.00242186,0.000248194,48,email-Eu-core.txt,1005,25571
8,0.0364423,0.0100873,0.00183964,0.0229478,0.0145245,0.000513315,0.00375938,0.00324535,0.00022769,48,email-Eu-core.txt,1005,25571
8,0.0317731,0.00961494,0.00190544,0.019695,0.0130279,0.000435829,0.00290895,0.00256777,0.000181198,42,email-Eu-core.txt,1005,25571
8,0.0328159,0.0102029,0.00196981,0.0201108,0.0133741,0.000521421,0.00279093,0.00248623,0.000303507,53,email-Eu-core.txt,1005,25571
8,0.0337579,0.00980759,0.00186658,0.0215611,0.0138562,0.000491381,0.00334311,0.00290751,0.000309706,53,email-Eu-core.txt,1005,25571
16,0.0358763,0.0111756,0.00250864,0.0204813,0.0128179,0.000252724,0.00382161,0.00293255,0.00012517,47,email-Eu-core.txt,1005,25571
16,0.0368154,0.0103016,0.00255322,0.0225265,0.0137298,0.00026536,0.00452805,0.00330472,0.00012207,53,email-Eu-core.txt,1005,25571
16,0.0354869,0.00987434,0.00246453,0.0225124,0.0138726,0.000267744,0.00442624,0.00322151,0.000169754,51,email-Eu-core.txt,1005,25571
16,0.0342286,0.0100522,0.00251412,0.0210338,0.0132277,0.0002563,0.00394654,0.00285578,0.000153303,56,email-Eu-core.txt,1005,25571
16,0.0345619,0.0101392,0.00258923,0.0214059,0.0133026,0.000255346,0.00417614,0.00298691,0.000114918,57,email-Eu-core.txt,1005,25571
32,0.0499737,0.0106227,0.00386786,0.0348024,0.017592,0.000198126,0.00995564,0.00638008,9.72748e-05,51,email-Eu-core.txt,1005,25571
32,0.043715,0.0102708,0.00410771,0.0288966,0.0155098,0.000178337,0.00775051,0.00480652,9.84669e-05,53,email-Eu-core.txt,1005,25571
32,0.0471747,0.0103223,0.00397849,0.0321078,0.0166135,0.000191689,0.00875807,0.00586414,9.94205e-05,49,email-Eu-core.txt,1005,25571
32,0.0458338,0.0103781,0.00385165,0.0309613,0.0158217,0.000198126,0.0087204,0.0055778,9.27448e-05,50,email-Eu-core.txt,1005,25571
32,0.0437164,0.0101595,0.00388598,0.0291831,0.0155711,0.000182152,0.00778866,0.00496316,0.00012064,54,email-Eu-core.txt,1005,25571
64,0.0571442,0.0117197,0.00696468,0.0378125,0.0178957,0.000123501,0.0129082,0.00620937,9.29832e-05,48,email-Eu-core.txt,1005,25571
64,0.0631814,0.0114744,0.00677609,0.0438578,0.0198293,0.000115633,0.0155964,0.00764918,8.08239e-05,53,email-Eu-core.txt,1005,25571
64,0.0681241,0.0109558,0.00698805,0.0492904,0.0217075,0.000112295,0.0179124,0.00895524,6.46114e-05,54,email-Eu-core.txt,1005,25571
64,0.0693386,0.011276,0.00663996,0.0508325,0.0215266,0.00012517,0.0194671,0.0090518,6.8903e-05,52,email-Eu-core.txt,1005,25571
64,0.0805554,0.0119066,0.012558,0.0551548,0.0221381,0.000121117,0.0179975,0.0142093,6.62804e-05,49,email-Eu-core.txt,1005,25571
1,1.07356,0.0321739,0.00097537,1.03661,0.909364,0.120674,0.000319719,0.00130677,0.00248075,43,facebook_combined.txt,4039,88234
1,1.07345,0.0322948,0.000747204,1.03549,0.909203,0.120262,0.000287771,0.00118995,0.0022459,36,facebook_combined.txt,4039,88234
1,1.07745,0.0331914,0.00100374,1.03864,0.912384,0.120013,0.000310659,0.00123453,0.00229526,36,facebook_combined.txt,4039,88234
2,0.424632,0.0320668,0.00207138,0.388518,0.346416,0.031769,0.00299621,0.00415444,0.00125408,34,facebook_combined.txt,4039,88234
2,0.422295,0.0320992,0.00201702,0.386329,0.34408,0.0318346,0.00296259,0.00424409,0.00127506,35,facebook_combined.txt,4039,88234
2,0.424453,0.0323627,0.00191379,0.386978,0.344604,0.0318348,0.0030551,0.00423455,0.00129128,36,facebook_combined.txt,4039,88234
2,0.426548,0.0320168,0.00192952,0.390646,0.3469,0.0315275,0.00469756,0.00417876,0.00142384,41,facebook_combined.txt,4039,88234
2,0.4252,0.032207,0.00186825,0.388636,0.345692,0.0319591,0.00314617,0.00446534,0.00138378,42,facebook_combined.txt,4039,88234
4,0.187863,0.0347123,0.0022912,0.146786,0.126928,0.0087502,0.00362468,0.00498319,0.000737667,34,facebook_combined.txt,4039,88234
4,0.185484,0.0318365,0.00231743,0.149615,0.128633,0.00859857,0.00430942,0.00553393,0.000762224,33,facebook_combined.txt,4039,88234
4,0.191185,0.0373349,0.00199318,0.150588,0.129481,0.00848222,0.00461435,0.00558758,0.000697851,36,facebook_combined.txt,4039,88234
4,0.180566,0.030746,0.00212479,0.145758,0.126053,0.0084815,0.00383902,0.005018,0.00070405,29,facebook_combined.txt,4039,88234
4,0.191753,0.0332687,0.00218439,0.155033,0.133743,0.0084691,0.00454354,0.00589061,0.000670433,37,facebook_combined.txt,4039,88234
8,0.12367,0.0355449,0.00289321,0.0827277,0.0618536,0.00265574,0.0076499,0.00835586,0.000411987,38,facebook_combined.txt,4039,88234
8,0.116966,0.0331147,0.00290465,0.0800524,0.0608802,0.00261831,0.00696301,0.00751376,0.000380993,34,facebook_combined.txt,4039,88234
8,0.119239,0.0310416,0.0026679,0.0842462,0.0627525,0.0025394,0.00807261,0.0088172,0.00038743,34,facebook_combined.txt,4039,88234
8,0.119356,0.0354362,0.00292182,0.0762877,0.058228,0.0026238,0.00635505,0.00704813,0.000299692,38,facebook_combined.txt,4039,88234
8,0.123627,0.0349274,0.00297308,0.0817232,0.0611341,0.00256038,0.00767875,0.00833964,0.000334024,30,facebook_combined.txt,4039,88234
16,0.109259,0.0351572,0.00354838,0.067312,0.0427623,0.000976086,0.0116532,0.0101533,0.000191212,31,facebook_combined.txt,4039,88234
16,0.10711,0.0344436,0.00370812,0.0682778,0.0435972,0.000981092,0.0116346,0.0103388,0.000149727,35,facebook_combined.txt,4039,88234
16,0.132904,0.0352345,0.0033958,0.0778699,0.0465994,0.00104904,0.0151913,0.0130575,0.000232935,33,facebook_combined.txt,4039,88234
16,0.107783,0.034024,0.00350046,0.0694933,0.0439231,0.0010097,0.0120137,0.0107102,0.000200748,34,facebook_combined.txt,4039,88234
16,0.104743,0.0335896,0.00344157,0.0667977,0.0426543,0.000948668,0.0115347,0.00987101,0.000158787,38,facebook_combined.txt,4039,88234
32,0.125253,0.0354006,0.00518084,0.0830381,0.0422399,0.000502825,0.0220582,0.0166004,8.24928e-05,32,facebook_combined.txt,4039,88234
32,0.125919,0.0374644,0.00497723,0.0819187,0.0411527,0.000483036,0.0223644,0.0162759,9.20296e-05,32,facebook_combined.txt,4039,88234
32,0.120939,0.0346184,0.00515604,0.0802977,0.0408232,0.000481606,0.0212667,0.0161114,7.60555e-05,36,facebook_combined.txt,4039,88234
32,0.122048,0.0344334,0.00484276,0.0821056,0.0411925,0.000503063,0.0221596,0.0165849,8.91685e-05,29,facebook_combined.txt,4039,88234
32,0.128773,0.0344644,0.00501943,0.088769,0.0435741,0.000498772,0.0244293,0.0186088,9.01222e-05,34,facebook_combined.txt,4039,88234
64,0.204007,0.0398142,0.00795841,0.151846,0.0594876,0.00031662,0.0547636,0.0354605,5.57899e-05,34,facebook_combined.txt,4039,88234
64,0.180299,0.0406778,0.00834918,0.129775,0.0532007,0.000306606,0.0451953,0.0294073,4.24385e-05,35,facebook_combined.txt,4039,88234
64,0.190707,0.0419803,0.00849175,0.136496,0.0541096,0.000316858,0.050055,0.0302305,4.52995e-05,31,facebook_combined.txt,4039,88234
64,0.181888,0.0389698,0.00846052,0.133835,0.0527716,0.000380278,0.0449333,0.0340116,4.07696e-05,36,facebook_combined.txt,4039,88234
64,0.204811,0.0345268,0.00794721,0.161165,0.0658681,0.000276566,0.0585978,0.0348153,4.48227e-05,32,facebook_combined.txt,4039,88234
1,3.20003,0.0377238,0.00129986,3.15518,2.15179,0.927124,0.000948906,0.0120623,0.042021,1224,Wiki-Vote.txt,7115,103689
1,2.93527,0.0402033,0.00105238,2.8863,2.06817,0.765807,0.000652075,0.00797868,0.0293801,1223,Wiki-Vote.txt,7115,103689
1,3.00316,0.0376754,0.00129199,2.95927,2.09082,0.809062,0.000730753,0.00915289,0.0331163,1227,Wiki-Vote.txt,7115,103689
2,1.22974,0.0367489,0.00248313,1.18778,0.900678,0.203051,0.00702119,0.0451117,0.0175178,1224,Wiki-Vote.txt,7115,103689
2,1.14079,0.037128,0.0023489,1.09843,0.866704,0.17505,0.00603414,0.0274272,0.013062,1223,Wiki-Vote.txt,7115,103689
2,1.23916,0.0381851,0.00241327,1.19155,0.887171,0.209787,0.00909448,0.0507369,0.0192947,1219,Wiki-Vote.txt,7115,103689
2,1.23325,0.0376425,0.00224996,1.18963,0.893103,0.206441,0.00774431,0.0484161,0.0189857,1223,Wiki-Vote.txt,7115,103689
2,1.16148,0.0368967,0.00233483,1.11963,0.874161,0.17887,0.00711656,0.0339689,0.0146227,1225,Wiki-Vote.txt,7115,103689
4,0.426256,0.0373363,0.00282717,0.382543,0.292372,0.0444303,0.00450158,0.0261447,0.00647759,1229,Wiki-Vote.txt,7115,103689
4,0.427592,0.0373776,0.00294495,0.385672,0.291564,0.0452092,0.00489163,0.0278847,0.00694036,1225,Wiki-Vote.txt,7115,103689
4,0.398385,0.0372672,0.00273085,0.356816,0.284425,0.0396798,0.0031426,0.0182762,0.0050869,1233,Wiki-Vote.txt,7115,103689
4,0.431067,0.0387385,0.00269318,0.38489,0.28965,0.0452218,0.00497246,0.0286806,0.00722098,1229,Wiki-Vote.txt,7115,103689
4,0.436852,0.0370879,0.00259566,0.392833,0.292217,0.0464971,0.00570822,0.0309367,0.00761199,1230,Wiki-Vote.txt,7115,103689
8,0.20566,0.0366211,0.00326228,0.164824,0.113294,0.0123887,0.00733328,0.0188713,0.00427651,1240,Wiki-Vote.txt,7115,103689
8,0.193158,0.0375614,0.00317121,0.151343,0.110869,0.0113018,0.00449252,0.0150442,0.00288725,1232,Wiki-Vote.txt,7115,103689
8,0.196697,0.0382805,0.00312424,0.153998,0.113548,0.0111625,0.00491953,0.0149879,0.00283337,1236,Wiki-Vote.txt,7115,103689
8,0.189573,0.038955,0.00339413,0.146115,0.108656,0.0114715,0.00380945,0.0128202,0.00283837,1230,Wiki-Vote.txt,7115,103689
8,0.190262,0.0395439,0.00322199,0.145985,0.110658,0.0109971,0.00377703,0.011894,0.00253916,1234,Wiki-Vote.txt,7115,103689
16,0.155902,0.044322,0.00398302,0.1016,0.061734,0.00368905,0.0105755,0.0153174,0.00182772,1233,Wiki-Vote.txt,7115,103689
16,0.133977,0.0403035,0.00392842,0.0887678,0.0575626,0.00335908,0.00758576,0.0118449,0.00161242,1237,Wiki-Vote.txt,7115,103689
16,0.129428,0.0398378,0.00391459,0.0838861,0.0576627,0.00312924,0.00606084,0.00994277,0.00146389,1246,Wiki-Vote.txt,7115,103689
16,0.130672,0.0401685,0.00400066,0.0857778,0.0573945,0.00333285,0.00653362,0.0107944,0.0015347,1239,Wiki-Vote.txt,7115,103689
16,0.141097,0.0403843,0.00398731,0.0958402,0.0608108,0.00361466,0.00866008,0.0134392,0.00182843,1237,Wiki-Vote.txt,7115,103689
32,0.123762,0.0404897,0.00558805,0.0770206,0.0441623,0.0011754,0.012063,0.0124564,0.000785112,1235,Wiki-Vote.txt,7115,103689
32,0.132263,0.041043,0.00534391,0.0844345,0.0460327,0.00122356,0.0146332,0.0146556,0.000795364,1234,Wiki-Vote.txt,7115,103689
32,0.133568,0.0419714,0.00544906,0.0841627,0.0463753,0.00128102,0.0144327,0.0141265,0.000886202,1245,Wiki-Vote.txt,7115,103689
32,0.120092,0.0407293,0.00525856,0.0732646,0.0428305,0.00117302,0.010911,0.0114419,0.000799179,1237,Wiki-Vote.txt,7115,103689
32,0.127008,0.0409789,0.00533819,0.0800436,0.0446184,0.00116253,0.01335,0.0134945,0.00075531,1231,Wiki-Vote.txt,7115,103689
64,0.201649,0.048141,0.0090034,0.143956,0.0621097,0.000735998,0.0393207,0.0318134,0.000595808,1238,Wiki-Vote.txt,7115,103689
64,0.196173,0.0456195,0.00899434,0.140724,0.0600371,0.000710011,0.0388155,0.0310771,0.000657797,1233,Wiki-Vote.txt,7115,103689
64,0.156356,0.0452623,0.00915742,0.100434,0.0499032,0.000598907,0.0235963,0.0192621,0.000494719,1239,Wiki-Vote.txt,7115,103689
64,0.186932,0.0463858,0.00898957,0.130936,0.057574,0.00066328,0.0354431,0.0279436,0.000546217,1240,Wiki-Vote.txt,7115,103689
64,0.174679,0.045423,0.00911975,0.119242,0.0548432,0.000627518,0.0309801,0.0246077,0.000471354,1232,Wiki-Vote.txt,7115,103689
1,2.84018,0.0153906,0.00103354,2.81817,1.65007,1.11452,0.000426531,0.00469112,0.038245,31,p2p-Gnutella04.txt,10876,39994
1,2.83952,0.0171485,0.000943661,2.81665,1.64717,1.11551,0.000508785,0.00458431,0.0383835,32,p2p-Gnutella04.txt,10876,39994
1,2.8437,0.0149829,0.00102115,2.82491,1.65006,1.12012,0.000570297,0.00487685,0.0385215,31,p2p-Gnutella04.txt,10876,39994
2,1.08901,0.015589,0.00217128,1.06863,0.741096,0.280213,0.00675845,0.0117412,0.0196795,26,p2p-Gnutella04.txt,10876,39994
2,1.09914,0.0181351,0.00196338,1.07231,0.740481,0.283325,0.00644422,0.0126281,0.0201187,25,p2p-Gnutella04.txt,10876,39994
2,1.08911,0.0156813,0.00197887,1.06951,0.739375,0.283436,0.00607824,0.0113385,0.02003,28,p2p-Gnutella04.txt,10876,39994
2,1.09517,0.0172989,0.00195909,1.06545,0.735385,0.278945,0.00994825,0.011632,0.0202687,33,p2p-Gnutella04.txt,10876,39994
2,1.09447,0.0169737,0.00196815,1.07176,0.740659,0.281978,0.00668573,0.0126398,0.0204077,29,p2p-Gnutella04.txt,10876,39994
4,0.429939,0.0156827,0.00184655,0.410821,0.295862,0.0729518,0.00575614,0.0168645,0.0105119,26,p2p-Gnutella04.txt,10876,39994
4,0.448365,0.0162549,0.00212502,0.422032,0.303455,0.0724261,0.00821948,0.0186272,0.0104115,27,p2p-Gnutella04.txt,10876,39994
4,0.450303,0.0301495,0.00199533,0.416673,0.297881,0.0717614,0.0107772,0.0174894,0.0102713,26,p2p-Gnutella04.txt,10876,39994
4,0.434474,0.0153265,0.00193262,0.414391,0.298658,0.0716279,0.0071373,0.0182471,0.010299,28,p2p-Gnutella04.txt,10876,39994
4,0.435801,0.0165374,0.00195432,0.41476,0.298647,0.0723658,0.00708508,0.017869,0.0103095,23,p2p-Gnutella04.txt,10876,39994
8,0.219251,0.0166683,0.00256824,0.194852,0.135859,0.0195229,0.0084486,0.0167303,0.00571203,24,p2p-Gnutella04.txt,10876,39994
8,0.217374,0.0160346,0.00243878,0.197694,0.137881,0.0194039,0.00848484,0.0175011,0.00569057,26,p2p-Gnutella04.txt,10876,39994
8,0.283576,0.07865,0.00224853,0.196111,0.135963,0.0181584,0.0106964,0.017729,0.00541234,24,p2p-Gnutella04.txt,10876,39994
8,0.245834,0.0211287,0.00229096,0.199055,0.139046,0.0187654,0.00953388,0.0178001,0.00555015,23,p2p-Gnutella04.txt,10876,39994
8,0.238029,0.0251389,0.00236297,0.198261,0.138498,0.0182338,0.0101314,0.0178459,0.00548029,24,p2p-Gnutella04.txt,10876,39994
16,0.163824,0.0198483,0.00319004,0.136307,0.0855584,0.00527167,0.0153022,0.0183401,0.00323439,28,p2p-Gnutella04.txt,10876,39994
16,0.156547,0.0162797,0.00318456,0.134903,0.0846403,0.00522017,0.0152545,0.0178537,0.00326633,27,p2p-Gnutella04.txt,10876,39994
16,0.157058,0.0157557,0.00320077,0.13675,0.0854175,0.00511265,0.0160263,0.018796,0.00305843,29,p2p-Gnutella04.txt,10876,39994
16,0.15805,0.0165465,0.00316858,0.137189,0.0860076,0.00520611,0.0158319,0.0185831,0.00314617,22,p2p-Gnutella04.txt,10876,39994
16,0.159779,0.0169516,0.003227,0.1376,0.0859489,0.00525737,0.0156963,0.0190053,0.00319481,28,p2p-Gnutella04.txt,10876,39994
32,0.154829,0.0199342,0.00504255,0.126985,0.0639782,0.00167656,0.0279253,0.0233493,0.00181293,23,p2p-Gnutella04.txt,10876,39994
32,0.158305,0.0193837,0.00493264,0.126937,0.064621,0.00173616,0.0280879,0.0222411,0.00185037,26,p2p-Gnutella04.txt,10876,39994
32,0.159193,0.0170248,0.00512815,0.129358,0.0660067,0.00174928,0.0283229,0.0231879,0.00181103,27,p2p-Gnutella04.txt,10876,39994
32,0.159182,0.0216231,0.00510526,0.128832,0.0661297,0.00169206,0.0277426,0.023001,0.00176072,27,p2p-Gnutella04.txt,10876,39994
32,0.150994,0.0163267,0.00511456,0.129051,0.0648091,0.00167251,0.0286262,0.0236461,0.00181603,21,p2p-Gnutella04.txt,10876,39994
64,0.21766,0.0202742,0.0092659,0.187275,0.0739968,0.000789404,0.058141,0.0436397,0.00123692,30,p2p-Gnutella04.txt,10876,39994
64,0.221746,0.0182765,0.00902319,0.191576,0.0797093,0.000754833,0.0601616,0.0407317,0.00113964,22,p2p-Gnutella04.txt,10876,39994
64,0.213505,0.0183394,0.00918317,0.185111,0.0745904,0.000736237,0.06001,0.0395918,0.00115943,25,p2p-Gnutella04.txt,10876,39994
64,0.250752,0.0215333,0.0105619,0.182764,0.0740182,0.000787735,0.0577352,0.039695,0.0011127,23,p2p-Gnutella04.txt,10876,39994
64,0.226629,0.021364,0.00914907,0.192462,0.077904,0.000795364,0.0617387,0.0413735,0.00122428,31,p2p-Gnutella04.txt,10876,39994
1,1.02905,0.01018,0.000794411,1.01534,0.558036,0.425006,0.00074029,0.00383091,0.0197527,26,p2p-Gnutella08.txt,6301,20777
1,1.02598,0.0101871,0.000755548,1.01321,0.559301,0.42212,0.000661612,0.0036571,0.0197093,28,p2p-Gnutella08.txt,6301,20777
1,1.04281,0.00787997,0.000598431,1.03228,0.570307,0.428024,0.00086832,0.00415301,0.0205107,27,p2p-Gnutella08.txt,6301,20777
2,0.414904,0.00928473,0.00157881,0.402505,0.264067,0.107156,0.00485253,0.00997138,0.0100808,23,p2p-Gnutella08.txt,6301,20777
2,0.411271,0.00827312,0.00170684,0.399939,0.260361,0.107381,0.0052464,0.00952029,0.0105538,32,p2p-Gnutella08.txt,6301,20777
2,0.412802,0.00820947,0.00143409,0.401712,0.263041,0.106599,0.00537872,0.00920796,0.0107114,29,p2p-Gnutella08.txt,6301,20777
2,0.416581,0.00903201,0.00152135,0.404573,0.265427,0.107768,0.00462055,0.010011,0.010251,27,p2p-Gnutella08.txt,6301,20777
2,0.426134,0.0114133,0.00153804,0.4075,0.264858,0.108104,0.00600696,0.0115325,0.0102587,28,p2p-Gnutella08.txt,6301,20777
4,0.190068,0.0106065,0.00167823,0.174763,0.116583,0.0270615,0.00686741,0.012996,0.00537062,27,p2p-Gnutella08.txt,6301,20777
4,0.198871,0.00881481,0.00174594,0.183668,0.12477,0.0287919,0.00602984,0.0122085,0.00563645,32,p2p-Gnutella08.txt,6301,20777
4,0.198522,0.0105648,0.00165725,0.182992,0.122884,0.0273786,0.007375,0.0140591,0.0054245,25,p2p-Gnutella08.txt,6301,20777
4,0.199314,0.00826669,0.0016284,0.187963,0.126904,0.0273416,0.00725627,0.0151875,0.00539136,28,p2p-Gnutella08.txt,6301,20777
4,0.192317,0.00833082,0.00164819,0.181234,0.121093,0.029036,0.00622082,0.0129228,0.00556254,27,p2p-Gnutella08.txt,6301,20777
8,0.125912,0.00801349,0.00197816,0.112891,0.070797,0.00721741,0.0107119,0.0156004,0.00285673,23,p2p-Gnutella08.txt,6301,20777
8,0.125418,0.00929713,0.00206017,0.11287,0.0712385,0.00749683,0.0103681,0.0148909,0.00304317,25,p2p-Gnutella08.txt,6301,20777
8,0.130338,0.00850463,0.00189877,0.118218,0.0745838,0.00717902,0.0116649,0.0161991,0.00295305,32,p2p-Gnutella08.txt,6301,20777
8,0.129241,0.0102208,0.00201559,0.114945,0.0721462,0.00739217,0.0109649,0.015712,0.0029304,22,p2p-Gnutella08.txt,6301,20777
8,0.127483,0.00985718,0.00204492,0.114522,0.0713031,0.00737858,0.0113294,0.0158041,0.00296855,22,p2p-Gnutella08.txt,6301,20777
16,0.112222,0.00859928,0.00276375,0.100242,0.0530255,0.00233412,0.0191245,0.0182304,0.0016284,20,p2p-Gnutella08.txt,6301,20777
16,0.114934,0.00853848,0.00275278,0.103131,0.0546663,0.00230932,0.0199113,0.0188723,0.00159431,23,p2p-Gnutella08.txt,6301,20777
16,0.113946,0.00894332,0.00277376,0.100619,0.053431,0.00233555,0.019084,0.0183213,0.00164247,21,p2p-Gnutella08.txt,6301,20777
16,0.116621,0.00888324,0.00283289,0.103949,0.0552757,0.00228214,0.0199535,0.0192041,0.0016036,23,p2p-Gnutella08.txt,6301,20777
16,0.114085,0.00847125,0.00277448,0.102084,0.0535128,0.00227475,0.0199368,0.0190866,0.00166845,20,p2p-Gnutella08.txt,6301,20777
32,0.128652,0.0085721,0.00417995,0.115319,0.0501449,0.000967741,0.0325437,0.0248876,0.000961304,28,p2p-Gnutella08.txt,6301,20777
32,0.137142,0.00863743,0.00437331,0.123575,0.052201,0.0009408,0.0359657,0.0278251,0.000917912,21,p2p-Gnutella08.txt,6301,20777
32,0.134462,0.00863934,0.00431037,0.120958,0.0524209,0.000957251,0.0344815,0.0264785,0.000924826,25,p2p-Gnutella08.txt,6301,20777
32,0.136049,0.00871396,0.00424814,0.121991,0.0523927,0.000923634,0.0354288,0.0265508,0.000902414,24,p2p-Gnutella08.txt,6301,20777
32,0.133568,0.00880742,0.00438023,0.119694,0.0504429,0.000906467,0.0349782,0.0267851,0.000894308,22,p2p-Gnutella08.txt,6301,20777
64,0.233123,0.00998378,0.00787544,0.214527,0.0796444,0.00056386,0.0767043,0.0501721,0.000696898,29,p2p-Gnutella08.txt,6301,20777
64,0.223203,0.00951362,0.00779581,0.204897,0.0730226,0.00051403,0.07447,0.0498748,0.000642061,25,p2p-Gnutella08.txt,6301,20777
64,0.23842,0.00968647,0.00774312,0.220148,0.0761397,0.000484705,0.0810521,0.0555806,0.000596046,23,p2p-Gnutella08.txt,6301,20777
64,0.231201,0.0119901,0.00883746,0.208521,0.0744708,0.000598192,0.0756478,0.0507317,0.000632763,26,p2p-Gnutella08.txt,6301,20777
64,0.235665,0.00994301,0.011539,0.212318,0.0714676,0.000532389,0.0791104,0.0540116,0.000655174,23,p2p-Gnutella08.txt,6301,20777
1,1.68563,0.0105393,0.000902176,1.6718,0.923362,0.700673,0.000803709,0.00490832,0.0315959,34,p2p-Gnutella09.txt,8114,26013
1,1.71895,0.0114233,0.000914097,1.70308,0.932264,0.720936,0.000995159,0.00540185,0.0323424,34,p2p-Gnutella09.txt,8114,26013
1,1.66165,0.0109906,0.000695229,1.64745,0.900848,0.697507,0.00096035,0.00533485,0.0319774,31,p2p-Gnutella09.txt,8114,26013
2,0.672524,0.00953126,0.00171995,0.660082,0.43629,0.178573,0.00767636,0.0127125,0.0162442,38,p2p-Gnutella09.txt,8114,26013
2,0.671777,0.00985932,0.00162482,0.659003,0.433169,0.18116,0.00691152,0.0129411,0.0162265,35,p2p-Gnutella09.txt,8114,26013
2,0.666932,0.0097158,0.00169015,0.653818,0.431064,0.179091,0.00648332,0.0126348,0.0160193,31,p2p-Gnutella09.txt,8114,26013
2,0.674123,0.00972104,0.00163651,0.66152,0.434073,0.180438,0.00751543,0.0141811,0.0164313,32,p2p-Gnutella09.txt,8114,26013
2,0.66895,0.013016,0.00173593,0.650418,0.428112,0.178359,0.00616145,0.0128951,0.016094,31,p2p-Gnutella09.txt,8114,26013
4,0.288386,0.0095346,0.00179887,0.276186,0.187966,0.0457101,0.0083487,0.0176773,0.00857401,34,p2p-Gnutella09.txt,8114,26013
4,0.295923,0.0102251,0.00165844,0.283163,0.193793,0.0457029,0.00865459,0.0187924,0.00836301,28,p2p-Gnutella09.txt,8114,26013
4,0.292315,0.0122998,0.00174356,0.276021,0.186852,0.0455818,0.00886106,0.0185659,0.00838304,29,p2p-Gnutella09.txt,8114,26013
4,0.29065,0.0131042,0.00181413,0.273775,0.185127,0.048351,0.00729227,0.015789,0.00887704,34,p2p-Gnutella09.txt,8114,26013
4,0.293002,0.0108788,0.00174904,0.278557,0.187822,0.0476618,0.00807953,0.0177915,0.00888562,39,p2p-Gnutella09.txt,8114,26013
8,0.172323,0.0102258,0.00217199,0.159302,0.101624,0.0121887,0.013164,0.0199161,0.00468349,32,p2p-Gnutella09.txt,8114,26013
8,0.167532,0.0102499,0.00211835,0.154556,0.0981395,0.0124483,0.0124953,0.0189984,0.00468397,31,p2p-Gnutella09.txt,8114,26013
8,0.174479,0.0115557,0.00204706,0.158846,0.101435,0.0116732,0.0138714,0.0201366,0.00439429,28,p2p-Gnutella09.txt,8114,26013
8,0.170724,0.0104554,0.00222802,0.157265,0.10038,0.0125453,0.0121655,0.0192375,0.00485635,36,p2p-Gnutella09.txt,8114,26013
8,0.168359,0.00962353,0.0020802,0.156033,0.0996683,0.0117829,0.0129313,0.0199249,0.00441718,30,p2p-Gnutella09.txt,8114,26013
16,0.147455,0.0111203,0.00299668,0.132379,0.0717661,0.00360727,0.0234613,0.0232112,0.00252604,29,p2p-Gnutella09.txt,8114,26013
16,0.144896,0.010273,0.00292087,0.130721,0.0705888,0.00332284,0.0235333,0.0237975,0.00236154,28,p2p-Gnutella09.txt,8114,26013
16,0.146351,0.0110269,0.00294161,0.131915,0.0704296,0.00348353,0.023838,0.0237927,0.00249004,24,p2p-Gnutella09.txt,8114,26013
16,0.140768,0.010468,0.00298405,0.126657,0.0679116,0.00358295,0.0224187,0.0224271,0.00256181,23,p2p-Gnutella09.txt,8114,26013
16,0.141347,0.0119345,0.00290537,0.125313,0.0674245,0.00358605,0.0218489,0.022336,0.00250983,25,p2p-Gnutella09.txt,8114,26013
32,0.168259,0.0106468,0.00470519,0.151981,0.0669072,0.00128102,0.0425634,0.0323305,0.00133181,32,p2p-Gnutella09.txt,8114,26013
32,0.164121,0.0107324,0.00466084,0.147648,0.0644851,0.00125718,0.041111,0.0319111,0.00134873,27,p2p-Gnutella09.txt,8114,26013
32,0.167632,0.010474,0.00460553,0.151663,0.0664222,0.00124145,0.0424261,0.0327477,0.00135016,29,p2p-Gnutella09.txt,8114,26013
32,0.170495,0.0106475,0.00465298,0.15433,0.0674388,0.0012815,0.0431025,0.0334704,0.00137377,30,p2p-Gnutella09.txt,8114,26013
32,0.171698,0.0105648,0.00463223,0.155404,0.0686889,0.00140214,0.0430005,0.0330949,0.00149226,33,p2p-Gnutella09.txt,8114,26013
64,0.296243,0.0131984,0.00844264,0.273976,0.105402,0.000637293,0.0886786,0.069838,0.000885248,27,p2p-Gnutella09.txt,8114,26013
64,0.258456,0.0117378,0.00830531,0.23769,0.0833681,0.000596762,0.0871921,0.0575504,0.000851154,25,p2p-Gnutella09.txt,8114,26013
64,0.268192,0.0120962,0.00824904,0.246732,0.0865788,0.000664234,0.091779,0.0581975,0.000905752,29,p2p-Gnutella09.txt,8114,26013
64,0.278706,0.0126929,0.00827217,0.25605,0.0935826,0.000618696,0.0945442,0.05773,0.000912905,25,p2p-Gnutella09.txt,8114,26013
64,0.265134,0.0123959,0.00842428,0.243665,0.0855105,0.000709295,0.0895598,0.0583129,0.000940561,26,p2p-Gnutella09.txt,8114,26013
1,16.2876,0.0218318,0.00179625,16.2556,8.94317,6.9752,0.000970125,0.0158446,0.286036,67,p2p-Gnutella25.txt,22687,54705
1,16.7036,0.0211153,0.0018425,16.6751,9.11527,7.22095,0.00103879,0.0158644,0.287303,70,p2p-Gnutella25.txt,22687,54705
1,16.6139,0.0208757,0.00159526,16.5861,9.10957,7.13155,0.0016973,0.0176003,0.289172,59,p2p-Gnutella25.txt,22687,54705
2,5.21579,0.0209594,0.00279713,5.18846,3.28182,1.67337,0.0188284,0.0372877,0.146758,70,p2p-Gnutella25.txt,22687,54705
2,5.23607,0.0206516,0.00272799,5.20959,3.29849,1.68964,0.006428,0.0368612,0.147395,63,p2p-Gnutella25.txt,22687,54705
2,5.23328,0.0214736,0.00286269,5.20538,3.30569,1.67057,0.0148902,0.0361245,0.14715,63,p2p-Gnutella25.txt,22687,54705
2,5.23337,0.0210509,0.00288677,5.20571,3.28893,1.67199,0.0307038,0.0365717,0.146816,63,p2p-Gnutella25.txt,22687,54705
2,5.23966,0.0210383,0.00292373,5.21256,3.30793,1.68308,0.00692344,0.0366678,0.14736,77,p2p-Gnutella25.txt,22687,54705
4,1.74989,0.0228505,0.00267482,1.72128,1.12828,0.429068,0.0103393,0.050945,0.0748982,61,p2p-Gnutella25.txt,22687,54705
4,1.77173,0.0203679,0.00256038,1.7468,1.15447,0.425738,0.0127883,0.0512664,0.0749125,58,p2p-Gnutella25.txt,22687,54705
4,1.75869,0.0209816,0.00271368,1.733,1.14032,0.423721,0.0148776,0.051688,0.0748925,55,p2p-Gnutella25.txt,22687,54705
4,1.76333,0.0209792,0.0029633,1.73731,1.14191,0.421747,0.0178068,0.0527239,0.0753369,63,p2p-Gnutella25.txt,22687,54705
4,1.77113,0.0219121,0.00269651,1.74418,1.14881,0.421548,0.0185499,0.0524211,0.0750177,53,p2p-Gnutella25.txt,22687,54705
8,0.696858,0.0216684,0.00311494,0.670703,0.432817,0.109769,0.0143764,0.0467222,0.0397432,49,p2p-Gnutella25.txt,22687,54705
8,0.703047,0.0215566,0.003088,0.677035,0.438512,0.110571,0.0157552,0.0453899,0.0395098,54,p2p-Gnutella25.txt,22687,54705
8,0.713407,0.0216269,0.00304699,0.687387,0.446207,0.11083,0.0158606,0.046283,0.0399578,49,p2p-Gnutella25.txt,22687,54705
8,0.707769,0.0217431,0.00321388,0.681512,0.441936,0.11112,0.014544,0.0467658,0.0397785,54,p2p-Gnutella25.txt,22687,54705
8,0.700988,0.021574,0.00318313,0.674932,0.43646,0.111723,0.0132394,0.0465369,0.0395167,53,p2p-Gnutella25.txt,22687,54705
16,0.374418,0.0224419,0.00398827,0.346995,0.208527,0.0296142,0.0190039,0.0390804,0.0218303,50,p2p-Gnutella25.txt,22687,54705
16,0.379936,0.0235043,0.00395393,0.350052,0.211094,0.0296454,0.0196009,0.0395908,0.0217755,52,p2p-Gnutella25.txt,22687,54705
16,0.382247,0.0232186,0.00400591,0.353032,0.214692,0.0292437,0.0203729,0.0399296,0.0212014,47,p2p-Gnutella25.txt,22687,54705
16,0.383033,0.0236702,0.0040257,0.352673,0.214921,0.0286639,0.0202615,0.0405123,0.0209801,48,p2p-Gnutella25.txt,22687,54705
16,0.382779,0.022017,0.00405025,0.355354,0.216142,0.028657,0.021019,0.0412898,0.020906,47,p2p-Gnutella25.txt,22687,54705
32,0.286192,0.0226259,0.00610375,0.25591,0.128483,0.00769925,0.0377123,0.0414805,0.0115497,40,p2p-Gnutella25.txt,22687,54705
32,0.284873,0.0222919,0.00626636,0.255468,0.130769,0.00762892,0.0366414,0.0408783,0.0112901,46,p2p-Gnutella25.txt,22687,54705
32,0.285152,0.0226467,0.00630093,0.255359,0.130796,0.00767851,0.0367959,0.04054,0.0113847,46,p2p-Gnutella25.txt,22687,54705
32,0.288675,0.0222404,0.00597978,0.259488,0.133275,0.00772119,0.0371225,0.0407112,0.0115471,52,p2p-Gnutella25.txt,22687,54705
32,0.290483,0.023035,0.00625706,0.259968,0.130391,0.00807548,0.0365012,0.0406728,0.0123875,53,p2p-Gnutella25.txt,22687,54705
64,0.337687,0.0264351,0.010299,0.297335,0.120197,0.00249386,0.0758333,0.0607808,0.00673366,44,p2p-Gnutella25.txt,22687,54705
64,0.337013,0.0251777,0.0104206,0.298139,0.120541,0.00272512,0.07288,0.0610354,0.00713658,46,p2p-Gnutella25.txt,22687,54705
64,0.332399,0.024718,0.0125732,0.294172,0.118454,0.00261354,0.0721381,0.0607004,0.00695086,44,p2p-Gnutella25.txt,22687,54705
64,0.342086,0.0277908,0.0146747,0.297913,0.120065,0.0028069,0.0724661,0.060951,0.00734186,48,p2p-Gnutella25.txt,22687,54705
64,0.332259,0.0278182,0.0104959,0.292888,0.117144,0.00276113,0.070981,0.0598431,0.00738835,40,p2p-Gnutella25.txt,22687,54705
1,52.9693,0.03636,0.00277114,52.9215,28.2277,23.8363,0.0022378,0.0317743,0.757133,68,p2p-Gnutella30.txt,36682,88328
1,52.7969,0.0349953,0.0022769,52.7458,28.0793,23.802,0.00215364,0.0321841,0.764002,81,p2p-Gnutella30.txt,36682,88328
1,54.4233,0.0339899,0.00264573,54.3774,29.6562,23.855,0.00289154,0.0310087,0.760463,74,p2p-Gnutella30.txt,36682,88328
2,14.187,0.0365944,0.00420475,14.136,8.95873,4.57532,0.101628,0.0638912,0.382052,80,p2p-Gnutella30.txt,36682,88328
2,14.4172,0.0338717,0.00382209,14.374,9.14418,4.69307,0.0277286,0.0688994,0.38485,73,p2p-Gnutella30.txt,36682,88328
2,14.1196,0.034807,0.00397611,14.076,8.89084,4.63469,0.0481522,0.0644722,0.382769,80,p2p-Gnutella30.txt,36682,88328
2,14.2836,0.0336974,0.00389695,14.2405,9.08142,4.64072,0.00868392,0.0688906,0.385323,80,p2p-Gnutella30.txt,36682,88328
2,14.063,0.033534,0.00401998,14.0203,8.87864,4.59769,0.0357025,0.0675988,0.38542,82,p2p-Gnutella30.txt,36682,88328
4,4.37784,0.0355549,0.00355935,4.30209,2.81321,1.13258,0.0207307,0.0895054,0.194354,69,p2p-Gnutella30.txt,36682,88328
4,4.31037,0.0336287,0.00351191,4.26954,2.77746,1.14209,0.0155711,0.0900397,0.194654,70,p2p-Gnutella30.txt,36682,88328
4,4.32866,0.0328333,0.00344586,4.28912,2.80161,1.12429,0.0287051,0.0892527,0.194336,68,p2p-Gnutella30.txt,36682,88328
4,4.34851,0.0331442,0.00336218,4.30859,2.79431,1.13885,0.0414166,0.0903728,0.194179,70,p2p-Gnutella30.txt,36682,88328
4,4.39322,0.0335581,0.00337601,4.35151,2.85335,1.13541,0.0241325,0.0939734,0.195044,64,p2p-Gnutella30.txt,36682,88328
8,1.56511,0.0331423,0.00375795,1.52528,0.989029,0.288548,0.028559,0.0732627,0.098604,59,p2p-Gnutella30.txt,36682,88328
8,1.51351,0.0342057,0.00387049,1.4734,0.949307,0.288835,0.0151494,0.0707757,0.100946,59,p2p-Gnutella30.txt,36682,88328
8,1.51092,0.0333714,0.00376344,1.47165,0.946814,0.28435,0.0213985,0.0731747,0.0987678,59,p2p-Gnutella30.txt,36682,88328
8,1.54995,0.036164,0.0039618,1.50697,0.966982,0.294291,0.0183945,0.0749259,0.103264,60,p2p-Gnutella30.txt,36682,88328
8,1.52973,0.0354264,0.00382185,1.48809,0.960746,0.284998,0.0227997,0.0722814,0.0989037,64,p2p-Gnutella30.txt,36682,88328
16,0.707394,0.0346425,0.00483561,0.666487,0.407221,0.0770288,0.0200148,0.0599582,0.053467,52,p2p-Gnutella30.txt,36682,88328
16,0.712289,0.0358236,0.00499487,0.670005,0.407569,0.0782585,0.0179975,0.0597725,0.0551097,49,p2p-Gnutella30.txt,36682,88328
16,0.711441,0.0351129,0.00483155,0.670079,0.409494,0.0769079,0.0197682,0.0597174,0.0540085,52,p2p-Gnutella30.txt,36682,88328
16,0.717475,0.0361536,0.0050652,0.674741,0.407888,0.0798225,0.0176852,0.0598938,0.0564232,57,p2p-Gnutella30.txt,36682,88328
16,0.711618,0.0358191,0.00495434,0.668724,0.409687,0.0764828,0.0201018,0.0595772,0.0533242,59,p2p-Gnutella30.txt,36682,88328
32,0.433918,0.0364869,0.00744104,0.38799,0.206249,0.0198812,0.0302825,0.0498393,0.0289853,46,p2p-Gnutella30.txt,36682,88328
32,0.434721,0.0366123,0.00721836,0.389389,0.2062,0.0199237,0.0297794,0.0503376,0.0291657,51,p2p-Gnutella30.txt,36682,88328
32,0.433961,0.0366595,0.00765061,0.388443,0.202983,0.0199244,0.0304432,0.0498209,0.0295961,53,p2p-Gnutella30.txt,36682,88328
32,0.433675,0.0365152,0.00757718,0.388292,0.205226,0.0199113,0.0304945,0.0500944,0.0293074,50,p2p-Gnutella30.txt,36682,88328
32,0.452208,0.0396683,0.00763702,0.4036,0.208552,0.021764,0.0287731,0.0505531,0.0325425,56,p2p-Gnutella30.txt,36682,88328
64,0.411231,0.0399992,0.0118651,0.358145,0.152465,0.00562716,0.0617039,0.0644014,0.0158515,50,p2p-Gnutella30.txt,36682,88328
64,0.422764,0.0472765,0.012459,0.360726,0.151029,0.00613594,0.0596747,0.0594301,0.0178378,52,p2p-Gnutella30.txt,36682,88328
64,0.412663,0.0445812,0.012219,0.354616,0.147964,0.00608301,0.0577381,0.0584238,0.0177665,48,p2p-Gnutella30.txt,36682,88328
64,0.417288,0.0402641,0.0134137,0.362011,0.156364,0.00588799,0.0562329,0.0656028,0.0169058,49,p2p-Gnutella30.txt,36682,88328
64,0.416429,0.0414517,0.0129342,0.360694,0.148467,0.0060873,0.0596757,0.0614772,0.0181639,43,p2p-Gnutella30.txt,36682,88328
1,179.795,0.122432,0.00447035,179.642,95.8009,81.5475,0.00314307,0.0519841,2.12184,71,p2p-Gnutella31.txt,62586,147892
1,177.953,0.0576162,0.0044291,177.876,95.0642,80.5105,0.00284672,0.0516691,2.13183,70,p2p-Gnutella31.txt,62586,147892
1,177.933,0.0571067,0.00445414,177.856,95.1526,80.4238,0.00270104,0.0519264,2.11311,67,p2p-Gnutella31.txt,62586,147892
2,48.8232,0.0585623,0.00613356,48.7391,31.4149,15.7773,0.256098,0.113677,1.08034,85,p2p-Gnutella31.txt,62586,147892
2,56.2725,0.0567558,0.00610518,56.2003,31.5872,15.9419,7.3703,0.122126,1.0798,82,p2p-Gnutella31.txt,62586,147892
2,48.4278,0.0606062,0.00630784,48.3501,31.0759,15.7223,0.258553,0.117892,1.07996,88,p2p-Gnutella31.txt,62586,147892
2,49.0391,0.0569739,0.00611067,48.9667,31.6062,15.5056,0.555263,0.121278,1.0821,91,p2p-Gnutella31.txt,62586,147892
2,49.5906,0.0567682,0.00599623,49.5186,32.1023,15.6887,0.418399,0.122416,1.08527,82,p2p-Gnutella31.txt,62586,147892
4,12.1616,0.0564404,0.00546646,12.093,7.85866,3.41443,0.0146646,0.168726,0.546323,88,p2p-Gnutella31.txt,62586,147892
4,13.8937,0.0553393,0.00537419,13.8272,7.89194,5.10019,0.0383129,0.162055,0.546694,75,p2p-Gnutella31.txt,62586,147892
4,11.9992,0.056113,0.0054965,11.9322,7.73453,3.31413,0.0845418,0.163194,0.544417,79,p2p-Gnutella31.txt,62586,147892
4,12.2196,0.0570214,0.00550771,12.1512,7.90365,3.36756,0.0840349,0.160415,0.545635,79,p2p-Gnutella31.txt,62586,147892
4,12.2946,0.0564847,0.00547338,12.2272,8.01779,3.37492,0.0375273,0.160933,0.545769,74,p2p-Gnutella31.txt,62586,147892
8,3.82187,0.0590408,0.00571561,3.75282,2.39854,0.833382,0.0216928,0.130379,0.278456,73,p2p-Gnutella31.txt,62586,147892
8,3.86041,0.0551903,0.00556827,3.79638,2.43073,0.83849,0.0275936,0.132963,0.278207,81,p2p-Gnutella31.txt,62586,147892
8,3.91615,0.0586619,0.00579143,3.84831,2.47338,0.838707,0.032023,0.134909,0.279545,81,p2p-Gnutella31.txt,62586,147892
8,3.87575,0.0556314,0.00561929,3.8085,2.43494,0.837832,0.0351629,0.13156,0.279851,79,p2p-Gnutella31.txt,62586,147892
8,3.89138,0.0585055,0.00582623,3.82363,2.44887,0.839382,0.0321841,0.134271,0.279317,80,p2p-Gnutella31.txt,62586,147892
16,1.59202,0.0620441,0.00691867,1.51964,0.914572,0.22941,0.0217946,0.0999734,0.155596,72,p2p-Gnutella31.txt,62586,147892
16,1.61056,0.0648956,0.00685573,1.53581,0.931777,0.22706,0.0259492,0.102386,0.152213,76,p2p-Gnutella31.txt,62586,147892
16,1.57632,0.0601811,0.00675058,1.50708,0.907251,0.228065,0.0222721,0.0998592,0.154126,71,p2p-Gnutella31.txt,62586,147892
16,1.58914,0.0614908,0.00696158,1.51835,0.915188,0.229674,0.021378,0.0995831,0.155765,69,p2p-Gnutella31.txt,62586,147892
16,1.56701,0.0612662,0.00700855,1.49621,0.895235,0.225931,0.0245266,0.0994446,0.152086,72,p2p-Gnutella31.txt,62586,147892
32,0.839531,0.0611694,0.00929689,0.767171,0.4043,0.0580461,0.036695,0.0842009,0.0811362,66,p2p-Gnutella31.txt,62586,147892
32,0.831266,0.06598,0.00940681,0.753856,0.402367,0.0582659,0.0352104,0.0807672,0.0803339,70,p2p-Gnutella31.txt,62586,147892
32,0.829032,0.0647557,0.00952578,0.752774,0.394723,0.0588279,0.0336869,0.0796208,0.0810087,67,p2p-Gnutella31.txt,62586,147892
32,0.81817,0.0608289,0.00916672,0.746402,0.395844,0.0583198,0.0309422,0.0773826,0.0809703,72,p2p-Gnutella31.txt,62586,147892
32,0.817952,0.0622911,0.00962782,0.743445,0.390083,0.0580187,0.0324349,0.0794151,0.0808771,65,p2p-Gnutella31.txt,62586,147892
64,0.648751,0.0745692,0.0150394,0.556975,0.233746,0.0168192,0.0555725,0.0795438,0.0479679,62,p2p-Gnutella31.txt,62586,147892
64,0.651523,0.0743437,0.0142531,0.559087,0.235798,0.0169282,0.0553801,0.0785758,0.0481908,61,p2p-Gnutella31.txt,62586,147892
64,0.645266,0.0672109,0.0138876,0.56243,0.243305,0.0164118,0.057097,0.0812819,0.0466838,70,p2p-Gnutella31.txt,62586,147892
64,0.651522,0.0697463,0.0142736,0.565571,0.240379,0.0170021,0.0528376,0.0813339,0.0484984,68,p2p-Gnutella31.txt,62586,147892
64,0.661351,0.0732789,0.0142407,0.57183,0.24582,0.0168459,0.0543499,0.0826528,0.0483024,64,p2p-Gnutella31.txt,62586,147892
1,302.518,0.4434,0.00830531,302.016,198.575,100.485,0.0225081,0.28275,2.15273,177,Slashdot0902.txt,82168,948464
1,277.499,0.347442,0.00829673,277.056,181.431,93.6272,0.0149803,0.181077,1.47635,137,Slashdot0902.txt,82168,948464
1,284.678,0.344174,0.00841713,284.276,186.204,95.778,0.0169048,0.211359,1.68866,177,Slashdot0902.txt,82168,948464
2,134.286,0.345489,0.0123963,133.899,112.727,19.9599,0.0918059,0.418194,0.531252,138,Slashdot0902.txt,82168,948464
2,128.792,0.381704,0.0122969,128.368,107.788,19.6914,0.0377026,0.303349,0.426112,105,Slashdot0902.txt,82168,948464
2,130.826,0.343357,0.0136044,130.437,109.725,19.7543,0.0753577,0.288386,0.464652,140,Slashdot0902.txt,82168,948464
2,130.59,0.345877,0.0124247,130.202,109.256,19.9394,0.05352,0.343277,0.470352,121,Slashdot0902.txt,82168,948464
2,132.282,0.343378,0.0124562,131.897,110.298,20.2769,0.0880721,0.491441,0.550104,127,Slashdot0902.txt,82168,948464
4,35.1104,0.342604,0.0146775,34.7343,30.3391,3.6292,0.250168,0.242027,0.191744,147,Slashdot0902.txt,82168,948464
4,36.4874,0.343003,0.0146275,36.1139,31.7794,3.54487,0.277561,0.239088,0.190326,155,Slashdot0902.txt,82168,948464
4,34.7939,0.34612,0.0146422,34.4147,30.0966,3.52598,0.265224,0.248582,0.193635,148,Slashdot0902.txt,82168,948464
4,35.7205,0.345824,0.0148129,35.3443,31.0456,3.66781,0.0866535,0.257843,0.200453,150,Slashdot0902.txt,82168,948464
4,34.8975,0.34195,0.014478,34.5205,30.2162,3.39588,0.353498,0.268442,0.199856,147,Slashdot0902.txt,82168,948464
8,9.28321,0.35811,0.0142314,8.89648,7.71274,0.852254,0.0278063,0.140391,0.0940366,156,Slashdot0902.txt,82168,948464
8,9.3204,0.356598,0.0143843,8.94084,7.75139,0.835764,0.0495956,0.145925,0.0911205,158,Slashdot0902.txt,82168,948464
8,10.0643,0.363398,0.0147705,9.67715,8.45202,0.863309,0.0349991,0.15948,0.0954051,155,Slashdot0902.txt,82168,948464
8,9.48489,0.346853,0.0146148,9.11229,7.8911,0.841967,0.0622942,0.156806,0.0910919,150,Slashdot0902.txt,82168,948464
8,9.52265,0.358883,0.0141079,9.14007,7.90972,0.844025,0.0716157,0.150971,0.095238,164,Slashdot0902.txt,82168,948464
16,3.63848,0.365796,0.0152442,3.2515,2.73768,0.22885,0.0462227,0.122839,0.0484574,151,Slashdot0902.txt,82168,948464
16,3.63384,0.372262,0.0152073,3.24104,2.72236,0.232249,0.0452042,0.12397,0.0489593,154,Slashdot0902.txt,82168,948464
16,3.64999,0.372286,0.0156622,3.25635,2.74223,0.227544,0.0459843,0.123872,0.0493364,151,Slashdot0902.txt,82168,948464
16,3.64932,0.369757,0.0153203,3.25851,2.73815,0.234303,0.043273,0.122066,0.0515134,153,Slashdot0902.txt,82168,948464
16,3.669,0.368053,0.0143747,3.28093,2.75647,0.231542,0.0462842,0.125391,0.0516047,160,Slashdot0902.txt,82168,948464
32,1.87453,0.373327,0.0174789,1.47998,1.11771,0.0637748,0.0838549,0.122488,0.0258174,147,Slashdot0902.txt,82168,948464
32,1.96618,0.39469,0.0169265,1.55062,1.17755,0.0639873,0.0882697,0.126225,0.0261734,146,Slashdot0902.txt,82168,948464
32,1.92682,0.373378,0.015975,1.53356,1.15493,0.0645783,0.0891738,0.130882,0.0266376,142,Slashdot0902.txt,82168,948464
32,1.90995,0.376183,0.0167406,1.51074,1.13584,0.064656,0.0810978,0.125663,0.0282815,154,Slashdot0902.txt,82168,948464
32,1.89478,0.372588,0.0171523,1.50136,1.14405,0.0634334,0.0822539,0.119303,0.0260382,150,Slashdot0902.txt,82168,948464
64,1.68723,0.428472,0.0251808,1.23093,0.769434,0.021405,0.172692,0.174665,0.0166125,146,Slashdot0902.txt,82168,948464
64,1.71682,0.411612,0.0253062,1.27738,0.79767,0.0217953,0.180995,0.185068,0.0170548,158,Slashdot0902.txt,82168,948464
64,1.65691,0.422752,0.025882,1.20571,0.757002,0.0207565,0.170861,0.168242,0.0151045,150,Slashdot0902.txt,82168,948464
64,1.7198,0.457234,0.0267756,1.23151,0.767909,0.0214577,0.174196,0.176675,0.016223,157,Slashdot0902.txt,82168,948464
64,1.6977,0.427109,0.0269532,1.24094,0.7826,0.0215824,0.17148,0.173311,0.0164182,150,Slashdot0902.txt,82168,948464
